<?xml version="1.0" encoding="UTF-8"?>
<project-private xmlns="http://www.netbeans.org/ns/project-private/1">
    <editor-bookmarks xmlns="http://www.netbeans.org/ns/editor-bookmarks/2" lastBookmarkId="0"/>
    <open-files xmlns="http://www.netbeans.org/ns/projectui-open-files/2">
        <group>
            <file>file:/C:/Users/nacjo/Downloads/FinalVersion/Draft2/src/myapps/Management.java</file>
            <file>file:/C:/Users/nacjo/Downloads/FinalVersion/Draft2/src/mylibs/SEAMProgram.java</file>
            <file>file:/C:/Users/nacjo/Downloads/FinalVersion/Draft2/src/myapps/AdminLogin.java</file>
            <file>file:/C:/Users/nacjo/Downloads/FinalVersion/Draft2/src/myapps/Login.java</file>
            <file>file:/C:/Users/nacjo/Downloads/FinalVersion/Draft2/src/mylibs/Room.java</file>
            <file>file:/C:/Users/nacjo/Downloads/FinalVersion/Draft2/src/myapps/AssignEquipment.java</file>
            <file>file:/C:/Users/nacjo/Downloads/FinalVersion/Draft2/src/myapps/Regmem.java</file>
            <file>file:/C:/Users/nacjo/Downloads/FinalVersion/Draft2/src/myapps/ManagementUser.java</file>
            <file>file:/C:/Users/nacjo/Downloads/FinalVersion/Draft2/src/myapps/ReturnEquipment.java</file>
            <file>file:/C:/Users/nacjo/Downloads/FinalVersion/Draft2/src/myapps/ManagementRoom.java</file>
            <file>file:/C:/Users/nacjo/Downloads/FinalVersion/Draft2/src/mylibs/SEAMProgramTest.java</file>
            <file>file:/C:/Users/nacjo/Downloads/FinalVersion/Draft2/src/myapps/ManagerAccess.java</file>
            <file>file:/C:/Users/nacjo/Downloads/FinalVersion/Draft2/src/mylibs/Equipment.java</file>
        </group>
    </open-files>
</project-private>
