<?xml version="1.0" encoding="UTF-8"?>
<project-private xmlns="http://www.netbeans.org/ns/project-private/1">
    <editor-bookmarks xmlns="http://www.netbeans.org/ns/editor-bookmarks/2" lastBookmarkId="0"/>
    <open-files xmlns="http://www.netbeans.org/ns/projectui-open-files/2">
        <group>
            <file>file:/C:/Users/djbgr/Downloads/Draft2/src/myapps/Regmem.java</file>
            <file>file:/C:/Users/djbgr/Downloads/Draft2/src/myapps/Login.java</file>
            <file>file:/C:/Users/djbgr/Downloads/Draft2/src/myapps/DefaultForm.java</file>
            <file>file:/C:/Users/djbgr/Downloads/Draft2/src/myapps/AdminForm.java</file>
        </group>
    </open-files>
</project-private>
