<?xml version="1.0" encoding="UTF-8"?>
<project-private xmlns="http://www.netbeans.org/ns/project-private/1">
    <editor-bookmarks xmlns="http://www.netbeans.org/ns/editor-bookmarks/2" lastBookmarkId="0"/>
    <open-files xmlns="http://www.netbeans.org/ns/projectui-open-files/2">
        <group>
            <file>file:/C:/Users/djbgr/Downloads/pleasework/Draft2/src/myapps/AdminLogin.java</file>
            <file>file:/C:/Users/djbgr/Downloads/pleasework/Draft2/src/mylibs/SEAMProgram.java</file>
            <file>file:/C:/Users/djbgr/Downloads/pleasework/Draft2/src/myapps/ManagementRoom.java</file>
            <file>file:/C:/Users/djbgr/Downloads/pleasework/Draft2/src/myapps/dropdownmenu.java</file>
            <file>file:/C:/Users/djbgr/Downloads/pleasework/Draft2/src/myapps/dropdownmenu2.java</file>
            <file>file:/C:/Users/djbgr/Downloads/pleasework/Draft2/src/myapps/Login.java</file>
            <file>file:/C:/Users/djbgr/Downloads/pleasework/Draft2/src/myapps/Management.java</file>
            <file>file:/C:/Users/djbgr/Downloads/pleasework/Draft2/src/mylibs/Equipment.java</file>
            <file>file:/C:/Users/djbgr/Downloads/pleasework/Draft2/src/mylibs/TestSEAMProgram.java</file>
        </group>
    </open-files>
</project-private>
