<?xml version="1.0" encoding="UTF-8"?>
<project-private xmlns="http://www.netbeans.org/ns/project-private/1">
    <editor-bookmarks xmlns="http://www.netbeans.org/ns/editor-bookmarks/2" lastBookmarkId="0"/>
    <open-files xmlns="http://www.netbeans.org/ns/projectui-open-files/2">
        <group>
            <file>file:/C:/Users/djbgr/Downloads/SEAMProgram/src/mylibs/UserManager.java</file>
            <file>file:/C:/Users/djbgr/Downloads/SEAMProgram/src/mylibs/UserBuilder.java</file>
            <file>file:/C:/Users/djbgr/Downloads/SEAMProgram/src/mylibs/SEAMProgram.java</file>
            <file>file:/C:/Users/djbgr/Downloads/SEAMProgram/src/mylibs/Room.java</file>
            <file>file:/C:/Users/djbgr/Downloads/SEAMProgram/src/mylibs/Equipment.java</file>
            <file>file:/C:/Users/djbgr/Downloads/SEAMProgram/src/mylibs/User.java</file>
            <file>file:/C:/Users/djbgr/Downloads/SEAMProgram/src/mylibs/SEAMProgramTest.java</file>
        </group>
    </open-files>
</project-private>
